,idle,login,logout,noattachment,attachment,answer,delete
gmail_adblock,89317028.6830334,2640182437.4,2103811276.4,3739410619.0,26316598387.0,5912601791.0,3515836021.8
gmail_noadblock,97385217.04144612,3133214727.2,2338839212.2,5997715356.2,29053528562.2,6258268014.2,2688161183.6
outlook_adblock,320245947.2471034,14984970169.2,7269076785.2,5371930862.2,29863363848.4,6197732743.8,3902750928.8
outlook_noadblock,156389073.6983909,6674312966.6,3608620865.4,9131793610.2,34976583488.8,8209599415.2,5404749130.6
proton_adblock,103985106.56993762,3532596031.8,2385418185.4,1704276979.0,21475803293.4,5800162304.0,1390948722.8
proton_noadblock,168348068.0093559,6562759539.6,4187984739.0,8050765635.4,31345699546.6,12596866409.8,6730452233.6
