,idle,login,logout,noattachment,attachment,answer,delete
gmail_adblock,359.27359274954415,31229.478800646037,3298.2262263222638,17330.212031016817,34020.58657107488,18781.574762516586,7262.722393152584
gmail_noadblock,2.1596836323179804,3534.8379538530476,2994.8634426297303,21257.017566911873,35969.887764072875,15015.469876097784,21649.49720062801
outlook_adblock,159.16005693697204,10664.663951573908,5909.885975211366,12362.589751342555,48556.59166539596,13366.816964408543,17963.822829230976
outlook_noadblock,598.4819288644951,42812.22623223418,6731.0011320753765,31083.286862235145,14426.70133606432,8320.535232784006,7008.955442860227
proton_adblock,275.8193673416378,33864.57540852978,6181.516597081982,16417.020825959866,22499.255520127772,11382.33741197299,30735.328359397758
proton_noadblock,328.55326241608356,32596.698689284476,76648.7801353681,21829.79927896727,34061.15254655955,15882.517339515167,9473.418390422752
