,idle,login,logout,noattachment,attachment,answer,delete
gmail_adblock,19519.464152490295,1445179.2,451188.6,1358082.6,2233080.6,1434934.8,1174761.8
gmail_noadblock,19291.37944586617,1408468.8,448893.4,1334105.4,2179374.8,1436929.0,1187874.6
outlook_adblock,19382.426004108616,1548506.0,434834.6,1337023.8,2166364.2,1464393.2,1205515.6
outlook_noadblock,19658.831037257165,1534432.2,440756.4,1342353.2,2129986.6,1441827.8,1194244.0
proton_adblock,19875.062658337512,1490277.0,446589.4,1535407.0,2343928.2,1403702.2,1197640.8
proton_noadblock,20004.95536691602,1494150.6,485020.4,1532674.2,2336167.0,1398569.4,1185573.0
